[
  {
    "id": "mountain",
    "screenreader_id": "screenreader_theme_scene_mountain",
    "screenreader_hint_id": "screenreader_theme_scene_mountain_hint",
    "title_localized_id": "theme_scene_mountain",
    "images": {
      "thumb": "backgrounds/mountain/thumb.jpg",
      "750x1334": "backgrounds/mountain/750x1334.jpg",
      "2560x1600": "backgrounds/mountain/2560x1600.jpg"
    }
  },
  {
    "id": "seattle",
    "screenreader_id": "screenreader_theme_scene_seattle",
    "screenreader_hint_id": "screenreader_theme_scene_seattle_hint",
    "title_localized_id": "theme_scene_seattle",
    "images": {
      "thumb": "backgrounds/seattle/thumb.jpg",
      "750x1334": "backgrounds/seattle/750x1334.jpg",
      "2560x1600": "backgrounds/seattle/2560x1600.jpg"
    }
  },
  {
    "id": "beach",
    "screenreader_id": "screenreader_theme_scene_beach",
    "screenreader_hint_id": "screenreader_theme_scene_beach_hint",
    "title_localized_id": "theme_scene_beach",
    "images": {
      "thumb": "backgrounds/beach/thumb.jpg",
      "750x1334": "backgrounds/beach/750x1334.jpg",
      "2560x1600": "backgrounds/beach/2560x1600.jpg"
    }
  },
  {
    "id": "sky",
    "screenreader_id": "screenreader_theme_scene_sky",
    "screenreader_hint_id": "screenreader_theme_scene_sky_hint",
    "title_localized_id": "theme_scene_sky",
    "images": {
      "thumb": "backgrounds/sky/thumb.jpg",
      "750x1334": "backgrounds/sky/750x1334.jpg",
      "2560x1600": "backgrounds/sky/2560x1600.jpg"
    }
  },
  {
    "id": "cabin",
    "screenreader_id": "screenreader_theme_scene_cabin",
    "screenreader_hint_id": "screenreader_theme_scene_cabin_hint",
    "title_localized_id": "theme_scene_cabin",
    "images": {
      "thumb": "backgrounds/cabin/thumb.jpg",
      "750x1334": "backgrounds/cabin/750x1334.jpg",
      "2560x1600": "backgrounds/cabin/2560x1600.jpg"
    }
  },  
  {
    "id": "stars",
    "screenreader_id": "screenreader_theme_scene_stars",
    "screenreader_hint_id": "screenreader_theme_scene_stars_hint",
    "title_localized_id": "theme_scene_stars",
    "images": {
      "thumb": "backgrounds/stars/thumb.jpg",
      "750x1334": "backgrounds/stars/750x1334.jpg",
      "2560x1600": "backgrounds/stars/2560x1600.jpg"
    }
  },  
  {
    "id": "colors",
    "screenreader_id": "screenreader_theme_scene_colors",
    "screenreader_hint_id": "screenreader_theme_scene_colors_hint",
    "title_localized_id": "theme_scene_colors",
    "images": {
      "thumb": "backgrounds/colors/thumb.jpg",
      "750x1334": "backgrounds/colors/750x1334.jpg",
      "2560x1600": "backgrounds/colors/2560x1600.jpg"
    }
  }
]
