[
    {
        "id": "dark_blue",
        "screenreader_id" : "screenreader_theme_color_dark_blue",
        "type": "dark"
    },
    {
        "id": "dark_purple",
        "screenreader_id" : "screenreader_theme_color_dark_purple",
        "type": "dark"
    },
    {
        "id": "dark_rose",
        "screenreader_id" : "screenreader_theme_color_dark_rose",
        "type": "dark"
    },
    {
        "id": "dark_red",
        "screenreader_id" : "screenreader_theme_color_dark_red",
        "type": "dark"
    },
    {
        "id": "dark_green",
        "screenreader_id" : "screenreader_theme_color_dark_green",
        "type": "dark"
    },
    {
        "id": "dark_teal",
        "screenreader_id" : "screenreader_theme_color_dark_teal",
        "type": "dark"
    },
    {
        "id": "dark_grey",
        "screenreader_id" : "screenreader_theme_color_dark_grey",
        "type": "dark"
    },
    {
        "id": "light_blue",
        "screenreader_id" : "screenreader_theme_color_light_blue",
        "type": "light"
    },
    {
        "id": "light_purple",
        "screenreader_id" : "screenreader_theme_color_light_purple",
        "type": "light"
    },
    {
        "id": "light_rose",
        "screenreader_id" : "screenreader_theme_color_light_rose",
        "type": "light",
    },
    {
        "id": "light_red",
        "screenreader_id" : "screenreader_theme_color_light_red",
        "type": "light"
    },
    {
        "id": "light_green",
        "screenreader_id" : "screenreader_theme_color_light_green",
        "type": "light"
    },
    {
        "id": "light_teal",
        "screenreader_id" : "screenreader_theme_color_light_teal",
        "type": "light"
    },
    {
        "id": "light_grey",
        "screenreader_id" : "screenreader_theme_color_light_grey",
        "type": "light"
    },
    {
        "id": "photo_tv_tower",
        "screenreader_id" : "screenreader_theme_color_photo_tv_tower",
        "type": "photo"
    },
    {
        "id": "photo_fern",
        "screenreader_id" : "screenreader_theme_color_photo_fern",
        "type": "photo"
    },
    {
        "id": "photo_sea",
        "screenreader_id" : "screenreader_theme_color_photo_sea",
        "type": "photo"
    },
    {
        "id": "photo_desert",
        "screenreader_id" : "screenreader_theme_color_photo_desert",
        "type": "photo"
    },
    {
        "id": "photo_beach",
        "screenreader_id" : "screenreader_theme_color_photo_beach",
        "type": "photo"
    },
    {
        "id": "photo_safari",
        "screenreader_id" : "screenreader_theme_color_photo_safari",
        "type": "photo"
    },
    {
        "id": "photo_lighthouse",
        "screenreader_id" : "screenreader_theme_color_photo_lighthouse",
        "type": "photo"
    },
    {
        "id": "photo_field",
        "screenreader_id" : "screenreader_theme_color_photo_field",
        "type": "photo"
    },
    {
        "id": "photo_gradient",
        "screenreader_id" : "screenreader_theme_color_photo_gradient",
        "type": "photo"
    }
]
