[
  {
    "id": "blue",
    "screenreader_id" : "screenreader_theme_color_blue",
    "colors": {
      "primary-0": "3459C1",
      "primary-10": "3E69E4",
      "primary-20": "0A72EF",
      "top": "765EE6",
      "bottom": "1C9FFF",
      "top-minimized": "525BEA",
      "bottom-minimized": "4672DE"
    }
  },
  {
    "id": "red",
    "screenreader_id" : "screenreader_theme_color_red",
    "colors": {
      "primary-0": "B24642",
      "primary-10": "D2534E",
      "primary-20": "D3411B",
      "top": "E84F53",
      "bottom": "EBBD94",
      "top-minimized": "E26165",
      "bottom-minimized": "E17765"
    }
  },
  {
    "id": "purple",
    "screenreader_id" : "screenreader_theme_color_purple",
    "colors": {
      "primary-0": "673AA2",
      "primary-10": "7A45BF",
      "primary-20": "7651D1",
      "top": "954DB0",
      "bottom": "7159F0",
      "top-minimized": "8752CA",
      "bottom-minimized": "7657E8"
    }
  },
  {
    "id": "green",
    "screenreader_id" : "screenreader_theme_color_green",
    "colors": {
      "primary-0": "4E8C26",
      "primary-10": "5CA52D",
      "primary-20": "408226",
      "top": "51A03E",
      "bottom": "AADF5D",
      "top-minimized": "5BA741",
      "bottom-minimized": "75BA4A"
    }
  },
  {
    "id": "skyblue",
    "screenreader_id" : "screenreader_theme_color_skyblue",
    "colors": {
      "primary-0": "1C76C5",
      "primary-10": "228BE8",
      "primary-20": "007ACD",
      "top": "558DEB",
      "bottom": "53D2E5",
      "top-minimized": "548DEB",
      "bottom-minimized": "54A7E9"
    }
  }
]
